,City,Lat,Lng,Max Temp,Humidity,Cloudiness,Wind Speed,Country,Date
0,saint-francois,46.4154,3.9054,58.44,88,100,3.44,FR,1665438862
1,dunedin,-45.8742,170.5036,53.8,73,98,13.0,NZ,1665438826
2,tashla,51.7716,52.7427,55.38,38,100,10.65,RU,1665438862
3,mbandaka,0.0487,18.2603,70.0,92,99,2.01,CD,1665438863
4,ostersund,63.1792,14.6357,48.65,81,75,11.5,SE,1665438863
5,iqaluit,63.7506,-68.5145,26.33,79,75,13.8,CA,1665438864
6,avera,33.194,-82.5271,78.31,50,37,6.2,US,1665438864
7,minab,27.1467,57.0801,80.62,42,0,1.21,IR,1665438864
8,saint-leu,-21.15,55.2833,68.86,77,39,4.45,RE,1665438865
9,luderitz,-26.6481,15.1594,59.74,89,34,2.46,NA,1665438865
10,kapaa,22.0752,-159.319,85.1,66,90,4.0,US,1665438866
11,hermanus,-34.4187,19.2345,69.8,49,100,6.93,ZA,1665438866
12,hofn,64.2539,-15.2082,33.84,59,51,8.63,IS,1665438866
13,nanortalik,60.1432,-45.2371,37.44,92,100,5.03,GL,1665438867
14,yellowknife,62.456,-114.3525,55.92,58,75,17.27,CA,1665438771
15,lumeje,-11.55,20.7833,70.38,25,82,4.63,AO,1665438867
16,port alfred,-33.5906,26.891,66.18,88,100,1.01,ZA,1665438868
17,bredasdorp,-34.5322,20.0403,64.2,63,97,2.55,ZA,1665438868
18,punta arenas,-53.15,-70.9167,50.11,57,40,16.11,CL,1665438868
19,racine,42.7495,-88.0751,68.29,71,0,6.91,US,1665438858
20,amet,25.3,73.9333,73.69,61,0,3.2,IN,1665438869
21,los llanos de aridane,28.6585,-17.9182,65.95,84,40,9.22,ES,1665438869
22,butaritari,3.0707,172.7902,82.04,74,84,13.44,KI,1665438600
23,cape town,-33.9258,18.4232,71.38,57,0,13.8,ZA,1665438870
24,gweta,-20.1833,25.2333,71.78,18,1,8.61,BW,1665438870
25,yelanskiy,56.8419,62.5014,51.12,74,100,8.75,RU,1665438871
26,faanui,-16.4833,-151.75,78.04,75,30,17.36,PF,1665438871
27,talaya,61.3833,152.75,2.1,96,48,2.17,RU,1665438872
28,payson,40.0444,-111.7321,77.25,22,0,1.99,US,1665438872
29,sudzha,51.1976,35.2726,46.72,78,100,15.48,RU,1665438872
30,karatsu,33.4425,129.9697,62.49,25,100,1.01,JP,1665438583
31,atuona,-9.8,-139.0333,76.69,69,9,13.35,PF,1665438593
32,ukiah,39.1502,-123.2078,95.43,21,0,3.44,US,1665438608
33,new norfolk,-42.7826,147.0587,52.57,73,35,3.02,AU,1665438747
34,santa fe,-31.6333,-60.7,70.02,28,3,5.01,AR,1665438655
35,ushuaia,-54.8,-68.3,49.62,57,75,20.71,AR,1665438589
36,hamilton,39.1834,-84.5333,74.21,39,0,3.0,US,1665438800
37,saint-philippe,-21.3585,55.7679,69.39,81,25,9.22,RE,1665438874
38,mitsamiouli,-11.3847,43.2844,75.33,74,5,6.31,KM,1665438874
39,bluff,-46.6,168.3333,49.19,63,67,18.54,NZ,1665438587
40,jamestown,42.097,-79.2353,58.64,42,0,9.22,US,1665438651
41,mataura,-46.1927,168.8643,45.19,92,99,5.99,NZ,1665438875
42,hilo,19.7297,-155.09,88.29,72,20,10.36,US,1665438674
43,tessalit,20.1986,1.0114,86.59,16,62,11.83,ML,1665438875
44,tamandare,-8.7597,-35.1047,77.13,76,47,8.79,BR,1665438876
45,north bend,43.4065,-124.2243,66.92,88,40,16.11,US,1665438850
46,gaya,24.7833,85.0,78.71,89,75,0.0,IN,1665438876
47,port elizabeth,-33.918,25.5701,70.11,91,0,12.66,ZA,1665438877
48,esperance,-33.8667,121.9,55.17,69,99,18.39,AU,1665438877
49,muros,42.7762,-9.0603,59.85,95,97,6.15,ES,1665438878
50,morwell,-38.2333,146.4,53.4,67,100,3.04,AU,1665438878
51,milan,45.4643,9.1895,61.25,94,0,2.3,IT,1665438605
52,obo,5.3998,26.4869,67.32,98,73,1.66,CF,1665438878
53,lebu,-37.6167,-73.65,50.11,76,2,19.24,CL,1665438680
54,ixtapa,20.7,-105.2,90.23,61,15,5.99,MX,1665438879
55,karratha,-20.7377,116.8463,75.13,26,67,9.1,AU,1665438826
56,narsaq,60.9167,-46.05,35.04,99,100,5.48,GL,1665438879
57,san patricio,28.017,-97.5169,87.66,49,83,15.55,US,1665438880
58,plettenberg bay,-34.0527,23.3716,69.55,60,100,6.13,ZA,1665438880
59,saint-pierre,-21.3393,55.4781,69.48,73,75,3.44,RE,1665438881
60,rikitea,-23.1203,-134.9692,72.19,72,3,8.39,PF,1665438881
61,barrow,71.2906,-156.7887,24.82,86,75,17.27,US,1665438828
62,thompson,55.7435,-97.8558,69.96,37,20,13.8,CA,1665438882
63,tiksi,71.6872,128.8694,11.79,88,99,13.94,RU,1665438666
64,albany,42.6001,-73.9662,55.63,86,52,3.89,US,1665438882
65,sao joao da barra,-21.6403,-41.0511,77.09,86,13,6.42,BR,1665438882
66,kodiak,57.79,-152.4072,50.7,73,96,12.57,US,1665438883
67,talara,-4.5772,-81.2719,70.56,64,0,16.11,PE,1665438883
68,hithadhoo,-0.6,73.0833,80.74,79,98,17.52,MV,1665438678
69,fortuna,40.5982,-124.1573,59.92,94,20,6.91,US,1665438884
70,hay river,60.8156,-115.7999,55.38,35,100,17.27,CA,1665438870
71,calama,-22.4667,-68.9333,68.49,2,0,32.21,CL,1665438807
72,tuy hoa,13.0833,109.3,75.96,96,100,12.77,VN,1665438884
73,kahului,20.8947,-156.47,84.97,84,6,5.99,US,1665438885
74,namibe,-15.1961,12.1522,67.33,87,42,9.73,AO,1665438885
75,salalah,17.0151,54.0924,77.25,58,31,1.97,OM,1665438885
76,denpasar,-8.65,115.2167,78.46,100,20,2.3,ID,1665438886
77,dutse,11.7594,9.3392,79.18,35,2,0.87,NG,1665438886
78,jagdalpur,19.0667,82.0333,69.15,96,91,3.11,IN,1665438887
79,puerto ayora,-0.7393,-90.3518,76.96,88,71,5.99,EC,1665438887
80,constitucion,-35.3333,-72.4167,55.92,70,0,13.78,CL,1665438887
81,cherskiy,68.75,161.3,17.55,95,100,13.47,RU,1665438888
82,grindavik,63.8424,-22.4338,37.87,70,100,13.8,IS,1665438888
83,oregon,44.0001,-120.5014,73.22,15,6,14.5,US,1665438888
84,upernavik,72.7868,-56.1549,16.41,69,92,4.18,GL,1665438889
85,busselton,-33.65,115.3333,52.32,67,98,9.82,AU,1665438889
86,torbay,47.6666,-52.7314,48.97,67,20,17.27,CA,1665438890
87,russell,32.3502,-85.1999,78.96,31,0,5.75,US,1665438890
88,ancud,-41.8697,-73.8203,49.46,69,10,8.61,CL,1665438890
89,chokurdakh,70.6333,147.9167,19.36,81,100,17.31,RU,1665438891
90,vaini,-21.2,-175.2,78.96,69,75,24.16,TO,1665438593
91,yerbogachen,61.2767,108.0108,33.01,96,100,5.57,RU,1665438891
92,bambous virieux,-20.3428,57.7575,70.05,83,40,8.05,MU,1665438891
93,karpathos,35.507,27.2132,67.96,77,0,8.05,GR,1665438892
94,dudinka,69.4058,86.1778,36.63,100,100,4.81,RU,1665438892
95,sioux lookout,50.1001,-91.917,59.07,51,75,14.97,CA,1665438893
96,kaohsiung,22.6163,120.3133,73.04,77,40,3.44,TW,1665438893
97,ambulu,-8.345,113.6058,75.63,93,100,1.81,ID,1665438893
98,hobart,-42.8794,147.3294,52.92,86,75,9.22,AU,1665438860
99,along,28.1667,94.7667,70.05,99,100,0.96,IN,1665438894
100,duiwelskloof,-23.6934,30.14,64.4,84,0,2.62,ZA,1665438894
101,nikolskoye,59.7035,30.7861,44.49,86,52,6.2,RU,1665438894
102,carbonia,39.1672,8.5222,67.01,79,92,3.98,IT,1665438895
103,college,64.8569,-147.8028,33.58,85,20,0.0,US,1665438895
104,flinders,-34.5833,150.8552,60.06,87,95,3.0,AU,1665438896
105,springbok,-29.6643,17.8865,61.61,56,100,3.11,ZA,1665438896
106,aykhal,66.0,111.5,17.6,100,92,6.89,RU,1665438896
107,osmanabad,18.1667,76.05,72.03,89,100,4.59,IN,1665438897
108,mount isa,-20.7333,139.5,69.57,32,4,0.0,AU,1665438897
109,barguzin,53.6167,109.6167,33.46,62,95,0.34,RU,1665438898
110,avarua,-21.2078,-159.775,77.05,69,75,24.16,CK,1665438898
111,wahiawa,21.5028,-158.0236,83.79,61,100,0.0,US,1665438898
112,hami,42.8,93.45,52.5,27,36,14.83,CN,1665438899
113,alice springs,-23.7,133.8833,71.15,16,93,14.97,AU,1665438899
114,isangel,-19.55,169.2667,77.11,73,100,8.05,VU,1665438900
115,gornopravdinsk,60.05,69.9,44.17,91,84,8.99,RU,1665438900
116,wangkui,46.8333,126.5,33.17,60,0,7.0,CN,1665438901
117,douglas,41.3,-96.167,80.24,26,0,10.36,US,1665438901
118,qaanaaq,77.484,-69.3632,8.22,56,25,7.25,GL,1665438902
119,talnakh,69.4865,88.3972,36.21,99,100,6.58,RU,1665438902
120,carnarvon,-24.8667,113.6333,63.19,62,92,20.42,AU,1665438903
121,shar,49.5886,81.0453,39.36,81,42,2.89,KZ,1665438903
122,erzin,36.9559,36.2,67.98,55,0,2.64,TR,1665438904
123,clyde river,70.4692,-68.5914,17.83,86,75,17.27,CA,1665438904
124,katsuura,35.1333,140.3,70.86,63,96,24.92,JP,1665438680
125,leningradskiy,69.3833,178.4167,21.61,70,99,21.14,RU,1665438905
126,veraval,20.9,70.3667,81.1,81,84,5.41,IN,1665438905
127,kavieng,-2.5744,150.7967,82.6,68,23,8.08,PG,1665438906
128,santa rosa,14.3122,121.1114,80.58,87,51,2.15,PH,1665438906
129,rocha,-34.4833,-54.3333,47.5,75,38,7.34,UY,1665438866
130,vondrozo,-22.8167,47.2833,57.54,94,0,1.68,MG,1665438907
131,pahrump,36.2083,-115.9839,77.31,42,61,23.26,US,1665438737
132,cayenne,4.9333,-52.3333,84.24,79,75,6.91,GF,1665438710
133,saldanha,-33.0117,17.9442,66.25,84,100,13.6,ZA,1665438757
134,rio grande,-32.035,-52.0986,57.31,64,100,14.09,BR,1665438908
135,lingao,19.9103,109.6859,73.83,75,92,8.88,CN,1665438908
136,ponta do sol,32.6667,-17.1,74.01,74,58,5.82,PT,1665438909
137,mareeba,-17.0,145.4333,76.48,81,10,4.83,AU,1665438909
138,bontang,0.1333,117.5,74.5,93,100,6.22,ID,1665438909
139,cozumel,20.5083,-86.9458,80.94,89,100,7.0,MX,1665438904
140,adrar,20.5022,-10.0711,91.2,21,21,10.2,MR,1665438910
141,lasa,46.6166,10.7002,49.37,86,82,2.89,IT,1665438910
142,valuyki,50.2035,38.1067,49.91,94,100,14.32,RU,1665438911
143,mahebourg,-20.4081,57.7,70.09,83,40,8.05,MU,1665438911
144,cabacao,13.3356,120.6588,77.86,82,18,1.59,PH,1665438912
145,portobelo,9.55,-79.65,84.11,82,50,4.47,PA,1665438913
146,bathsheba,13.2167,-59.5167,84.81,79,40,17.27,BB,1665438913
147,magistralnyy,56.1725,107.4458,33.42,93,100,1.07,RU,1665438913
148,tasiilaq,65.6145,-37.6368,32.67,98,100,19.26,GL,1665438914
149,paracatu,-17.2222,-46.8747,80.01,27,20,3.18,BR,1665438914
150,popondetta,-8.7537,148.2534,82.69,71,59,0.87,PG,1665438915
151,bodden town,19.2833,-81.25,86.0,76,20,8.05,KY,1665438915
152,omboue,-1.5746,9.2618,77.0,90,100,4.23,GA,1665438915
153,yumen,40.2833,97.2,42.12,18,48,2.06,CN,1665438916
154,port lincoln,-34.7333,135.8667,63.52,46,99,14.67,AU,1665438916
155,castro,-24.7911,-50.0119,57.4,97,100,8.57,BR,1665438917
156,la grande,45.3246,-118.0877,78.01,33,8,11.7,US,1665438918
157,tongzhou,39.9053,116.5994,33.91,86,0,4.47,CN,1665438918
158,khatanga,71.9667,102.5,6.93,96,77,2.35,RU,1665438918
159,codrington,-38.2667,141.9667,55.53,74,93,11.97,AU,1665438919
160,seoul,37.5683,126.9778,47.64,76,40,5.75,KR,1665438919
161,roma,43.2128,-75.4557,55.81,65,28,4.0,US,1665438920
162,axim,4.8699,-2.2405,76.73,87,77,7.23,GH,1665438920
163,guerrero negro,27.9769,-114.0611,75.24,68,13,14.67,MX,1665438921
164,beringovskiy,63.05,179.3167,32.47,59,29,10.2,RU,1665438921
165,cruzeiro do sul,-29.5128,-51.9853,56.52,89,100,1.68,BR,1665438921
166,roald,62.5833,6.1333,49.75,81,75,23.02,NO,1665438922
167,udimskiy,61.1417,45.9144,38.03,92,21,8.08,RU,1665438922
168,kloulklubed,7.0419,134.2556,85.33,69,100,12.15,PW,1665438902
169,abashiri,44.0213,144.2697,55.85,97,100,3.91,JP,1665438923
170,sola,-13.8833,167.55,83.07,94,40,0.0,VU,1665438923
171,chivay,-15.6383,-71.6011,55.36,10,87,16.13,PE,1665438924
172,ercis,39.0287,43.3586,53.2,49,0,1.48,TR,1665438924
173,tuatapere,-46.1333,167.6833,48.45,78,98,11.43,NZ,1665438925
174,road town,18.4167,-64.6167,84.24,84,40,6.91,VG,1665438925
175,baykit,61.67,96.37,40.08,99,100,4.72,RU,1665438926
176,vestmannaeyjar,63.4427,-20.2734,39.81,61,95,7.31,IS,1665438926
177,kudahuvadhoo,2.6708,72.8944,81.1,79,50,20.36,MV,1665438926
178,nome,64.5011,-165.4064,31.15,84,64,8.77,US,1665438927
179,tingi,-11.3,35.0333,63.7,43,23,5.77,TZ,1665438927
180,dno,57.8277,29.9637,40.41,85,90,5.28,RU,1665438927
181,samus,56.7475,84.6992,45.23,76,100,12.48,RU,1665438928
182,chapais,49.7834,-74.8492,38.98,89,100,9.89,CA,1665438836
183,olafsvik,64.8945,-23.7142,38.84,67,90,15.39,IS,1665438928
184,tommot,58.9564,126.2925,30.61,97,100,5.75,RU,1665438929
185,plouzane,48.3833,-4.6167,51.85,81,0,6.91,FR,1665438929
186,richards bay,-28.783,32.0377,70.45,93,100,9.86,ZA,1665438930
187,gori,41.9842,44.1158,55.49,90,91,13.22,GE,1665438930
188,kaitangata,-46.2817,169.8464,47.68,82,98,10.47,NZ,1665438930
189,bethel,41.3712,-73.414,64.49,65,77,3.83,US,1665438931
190,fallon,39.4735,-118.7774,80.47,13,0,4.61,US,1665438930
191,rongcheng,30.634,117.8517,48.54,55,100,2.64,CN,1665438931
192,prerov,49.4551,17.4509,49.91,57,94,4.23,CZ,1665438932
193,srandakan,-7.9386,110.2506,76.1,90,100,4.09,ID,1665438932
194,bireun,5.203,96.7009,76.64,84,99,4.07,ID,1665438932
195,rawson,-43.3002,-65.1023,67.71,26,6,13.71,AR,1665438846
196,mackay,-21.15,149.2,71.69,80,87,16.42,AU,1665438933
197,sabha,27.0377,14.4283,74.5,28,41,6.44,LY,1665438934
198,xichang,27.8964,102.2634,51.55,94,100,1.16,CN,1665438934
199,maribondo,-9.5772,-36.3053,70.7,83,99,5.06,BR,1665438934
200,monte patria,-30.6919,-70.9467,67.35,37,0,6.96,CL,1665438935
201,dingle,10.9995,122.6711,75.06,91,46,1.59,PH,1665438935
202,naryan-mar,67.6713,53.087,41.2,87,98,20.4,RU,1665438935
203,labuhan,-6.8844,112.2051,78.17,86,99,8.32,ID,1665438936
204,sulangan,11.1373,123.7228,83.34,74,75,12.1,PH,1665438936
205,bengkulu,-3.8004,102.2655,75.96,85,100,3.89,ID,1665438937
206,sitka,57.0531,-135.33,50.36,75,100,5.5,US,1665438937
207,sao filipe,14.8961,-24.4956,78.82,76,53,7.54,CV,1665438937
208,hervey bay,-25.2986,152.8535,68.02,72,81,11.01,AU,1665438938
209,shingu,33.7333,135.9833,59.41,67,95,6.71,JP,1665438938
210,husavik,66.0449,-17.3389,21.79,88,90,12.93,IS,1665438938
211,chuy,-33.6971,-53.4616,50.2,69,11,6.96,UY,1665438669
212,severo-kurilsk,50.6789,156.125,46.87,82,100,13.87,RU,1665438839
213,tabuk,17.4189,121.4443,73.38,97,100,6.87,PH,1665438939
214,yar-sale,66.8333,70.8333,39.02,89,95,15.61,RU,1665438939
215,barcelos,41.5388,-8.6151,64.85,93,30,4.09,PT,1665438940
216,samarai,-10.6167,150.6667,81.9,76,33,10.45,PG,1665438940
217,bubaque,11.2833,-15.8333,82.06,72,41,2.57,GW,1665438941
218,alyangula,-13.8483,136.4192,76.87,94,40,0.0,AU,1665438941
219,banda aceh,5.5577,95.3222,77.56,83,100,10.04,ID,1665438941
220,pemba,-12.974,40.5178,75.9,83,40,8.05,MZ,1665438942
221,sanmenxia,34.7747,111.1814,46.4,35,1,3.58,CN,1665438942
222,bara,10.3744,10.7288,76.66,76,73,6.55,NG,1665438943
223,atherton,53.5237,-2.4935,50.04,85,96,3.87,GB,1665438943
224,east london,-33.0153,27.9116,68.05,87,100,15.55,ZA,1665438943
225,the valley,18.217,-63.0578,83.1,83,40,12.66,AI,1665438944
226,syracuse,37.0881,15.2792,63.77,74,8,4.65,IT,1665438944
227,colesberg,-30.72,25.0972,76.59,21,100,10.71,ZA,1665438944
228,ostrovnoy,68.0531,39.5131,39.43,93,65,11.18,RU,1665438945
229,kisangani,0.5167,25.2,69.67,96,65,0.81,CD,1665438945
230,cidreira,-30.1811,-50.2056,57.24,91,100,16.69,BR,1665438946
231,carballo,43.213,-8.691,62.02,95,98,1.54,ES,1665438946
232,hirado,33.3597,129.5531,60.39,63,100,20.31,JP,1665438946
233,deputatskiy,69.3,139.9,1.89,96,59,6.89,RU,1665438947
234,coihaique,-45.5752,-72.0662,53.55,50,75,5.75,CL,1665438947
235,ayan,56.45,138.1667,36.88,66,91,12.59,RU,1665438948
236,dindori,22.95,81.0833,70.43,94,100,3.51,IN,1665438948
237,ahipara,-35.1667,173.1667,64.54,60,54,3.04,NZ,1665438948
238,sumbe,-11.2061,13.8437,72.91,86,7,8.03,AO,1665438949
239,airai,-8.9266,125.4092,62.08,79,100,2.06,TL,1665438903
240,vallenar,-28.5708,-70.7581,67.19,37,0,6.04,CL,1665438949
241,kitakata,37.65,139.8667,56.61,95,100,3.76,JP,1665438950
242,odweyne,9.4092,45.064,77.05,51,69,6.6,SO,1665438950
243,woodstock,43.1334,-80.7497,60.03,47,11,11.01,CA,1665438794
244,ilulissat,69.2167,-51.1,27.75,86,100,8.21,GL,1665438950
245,victoria,22.2855,114.1577,73.33,46,4,15.01,HK,1665438951
246,erenhot,43.6475,111.9767,39.74,19,3,8.5,CN,1665438951
247,rio gallegos,-51.6226,-69.2181,59.05,25,20,24.16,AR,1665438952
248,aasiaat,68.7098,-52.8699,25.11,87,100,11.14,GL,1665438952
249,qesarya,32.5189,34.9046,68.34,67,0,5.68,IL,1665438952
250,georgetown,5.4112,100.3354,80.53,91,20,3.44,MY,1665438799
251,bousso,10.4795,16.7117,75.02,74,34,5.53,TD,1665438953
252,maniitsoq,65.4167,-52.9,35.83,83,100,14.81,GL,1665438954
253,tuktoyaktuk,69.4541,-133.0374,30.2,86,100,18.41,CA,1665438954
254,pevek,69.7008,170.3133,25.66,81,100,26.28,RU,1665438954
255,saint-marc-des-carrieres,46.6834,-72.0491,50.22,46,83,3.44,CA,1665438955
256,ketchikan,55.3422,-131.6461,53.58,61,31,6.24,US,1665438955
257,nelidovo,56.2211,32.7774,38.77,89,16,1.01,RU,1665438955
258,mehamn,71.0357,27.8492,40.95,75,0,4.61,NO,1665438956
259,sibolga,1.7427,98.7792,75.85,85,99,1.79,ID,1665438956
260,kita,13.0349,-9.4895,73.99,84,87,2.62,ML,1665438956
261,isiro,2.7739,27.616,65.64,99,88,1.81,CD,1665438957
262,puro,12.4841,123.3827,80.69,80,94,10.56,PH,1665438957
263,mar del plata,-38.0023,-57.5575,56.08,77,0,18.99,AR,1665438957
264,cancun,21.1743,-86.8466,82.06,78,100,6.31,MX,1665438726
265,lagoa,39.05,-27.9833,69.91,86,85,6.02,PT,1665438958
266,orbetello,42.4408,11.2196,64.71,81,90,3.78,IT,1665438958
267,saskylakh,71.9167,114.0833,9.55,94,40,8.88,RU,1665438959
268,neiafu,-18.65,-173.9833,74.08,100,100,11.5,TO,1665438959
269,lavrentiya,65.5833,-171.0,27.46,56,1,7.67,RU,1665438959
270,iranshahr,27.2025,60.6848,70.14,11,0,6.91,IR,1665438960
271,lodja,-3.4833,23.4333,69.53,82,92,1.74,CD,1665438960
272,shenjiamen,29.9576,122.298,59.65,61,90,13.6,CN,1665438961
273,hirara,24.8,125.2833,73.67,64,40,19.57,JP,1665438961
274,arraial do cabo,-22.9661,-42.0278,73.26,88,40,3.44,BR,1665438961
275,kendari,-3.945,122.4989,74.48,94,53,4.36,ID,1665438962
276,chake chake,-5.2459,39.7666,72.84,79,44,10.13,TZ,1665438962
277,svetlyy,54.675,20.1347,48.25,58,90,18.1,RU,1665438963
278,bonthe,7.5264,-12.505,76.86,91,16,3.36,SL,1665438963
279,kabompo,-13.5927,24.2008,65.03,31,59,4.54,ZM,1665438963
280,utica,43.1009,-75.2327,55.51,70,34,1.99,US,1665438715
281,saint george,37.1041,-113.5841,86.43,24,6,3.0,US,1665438964
282,mabaruma,8.2,-59.7833,78.62,81,60,4.81,GY,1665438965
283,san juan,-31.5375,-68.5364,71.62,12,0,5.93,AR,1665438910
284,walvis bay,-22.9575,14.5053,59.95,88,98,5.75,NA,1665438965
285,jorhat,26.75,94.2167,72.91,98,91,1.03,IN,1665438966
286,dodge city,37.7528,-100.0171,79.93,40,3,7.0,US,1665438865
287,ribeira grande,38.5167,-28.7,70.77,84,19,1.99,PT,1665438823
288,brae,60.3964,-1.353,46.49,65,100,26.37,GB,1665438967
289,antofagasta,-23.65,-70.4,60.08,76,10,9.55,CL,1665438967
290,norman wells,65.282,-126.8329,32.04,100,100,28.77,CA,1665438967
291,vuktyl,63.8567,57.3094,41.34,72,100,9.48,RU,1665438968
292,naze,28.3667,129.4833,68.92,60,100,16.02,JP,1665438968
293,tura,25.5198,90.2201,71.29,96,95,3.74,IN,1665438750
294,klaksvik,62.2266,-6.589,41.92,72,100,26.62,FO,1665438969
295,lima,-12.0432,-77.0282,61.05,72,40,17.27,PE,1665438828
296,te anau,-45.4167,167.7167,51.3,76,84,3.6,NZ,1665438969
297,coquimbo,-29.9533,-71.3436,58.73,67,20,12.66,CL,1665438970
298,francisco beltrao,-26.0811,-53.055,64.26,99,99,2.95,BR,1665438703
299,akureyri,65.6835,-18.0878,24.73,93,0,3.44,IS,1665438971
300,matara,5.9485,80.5353,76.6,89,100,6.64,LK,1665438971
301,mikhaylovskoye,51.8239,79.7172,40.82,65,55,7.49,RU,1665438971
302,pisco,-13.7,-76.2167,66.25,68,0,23.02,PE,1665438673
303,surt,31.2089,16.5887,73.89,62,33,13.87,LY,1665438972
304,gladstone,-23.85,151.25,67.93,68,100,13.8,AU,1665438972
305,haines junction,60.7522,-137.5108,40.95,65,100,3.44,CA,1665438973
306,toora-khem,52.4675,96.11,34.68,99,100,1.01,RU,1665438973
307,bayan,46.0833,127.4,33.1,62,0,7.9,CN,1665438973
308,pacific grove,36.6177,-121.9166,76.39,92,75,8.05,US,1665438951
309,velizh,55.6056,31.1967,39.13,86,46,3.02,RU,1665438974
310,waspan,14.7419,-83.9717,76.62,94,100,2.82,NI,1665438974
311,gao,16.6362,1.637,88.86,13,3,10.51,ML,1665438975
312,aklavik,68.2191,-135.0107,32.49,85,100,14.12,CA,1665438975
313,prizren,42.2139,20.7397,58.64,70,100,2.42,XK,1665438976
314,mogadishu,2.0371,45.3438,77.04,80,6,15.26,SO,1665438968
315,bahia blanca,-38.7196,-62.2724,62.13,37,5,4.14,AR,1665438876
316,matay,28.419,30.7792,72.61,57,0,18.81,EG,1665438977
317,meulaboh,4.1363,96.1285,75.22,89,100,3.2,ID,1665438977
318,port keats,-14.25,129.55,81.54,73,20,0.51,AU,1665438977
319,sabzevar,36.2126,57.6819,56.48,30,0,6.91,IR,1665438978
320,kattivakkam,13.2167,80.3167,82.49,75,100,13.67,IN,1665438978
321,salamanca,40.8333,-6.0,62.62,71,100,3.31,ES,1665438979
322,buturlino,55.5667,44.8974,48.96,95,100,8.48,RU,1665438979
323,dikson,73.5069,80.5464,34.16,99,100,8.12,RU,1665438827
324,vytegra,61.0064,36.4481,43.38,88,6,7.43,RU,1665438980
325,yamada,39.4667,141.95,59.59,86,100,3.33,JP,1665438980
326,cotonou,6.3654,2.4183,80.58,83,40,5.75,BJ,1665438981
327,jacobina,-11.1806,-40.5183,82.53,36,49,12.73,BR,1665438981
328,diffa,13.3154,12.6113,85.01,26,1,5.75,NE,1665438982
329,susanville,40.4163,-120.653,80.65,18,0,5.75,US,1665438982
330,sobolevo,54.4299,31.8996,39.38,87,0,3.65,RU,1665438982
331,faya,18.3851,42.4509,61.32,31,7,5.95,SA,1665438983
332,portland,45.5234,-122.6762,81.57,52,98,3.0,US,1665438806
333,doha,25.2867,51.5333,84.18,74,0,2.3,QA,1665438983
334,perigueux,45.1833,0.7167,63.97,86,100,2.28,FR,1665438984
335,itaueira,-7.6033,-43.0256,86.72,24,90,5.59,BR,1665438984
336,floresti,47.8933,28.3014,47.43,62,15,1.68,MD,1665438985
337,qeshm,26.9581,56.2719,78.69,66,0,3.91,IR,1665438985
338,piney green,34.716,-77.3202,71.19,66,59,4.99,US,1665438985
339,grand gaube,-20.0064,57.6608,70.2,74,21,1.99,MU,1665438986
340,geraldton,-28.7667,114.6,46.81,87,40,5.75,AU,1665438986
341,emiliano zapata,18.8333,-99.1833,78.37,54,91,1.59,MX,1665438987
342,tursunzoda,38.5144,68.2333,58.48,24,0,4.38,TJ,1665438987
343,stornoway,58.2093,-6.3865,47.93,88,94,5.75,GB,1665438988
344,mount gambier,-37.8333,140.7667,57.11,59,88,12.68,AU,1665438988
345,svetlogorsk,52.6333,29.7333,40.64,85,5,3.24,BY,1665438989
346,oktyabrskoye,43.0645,44.7417,55.54,93,89,11.18,RU,1665438989
347,kuito,-12.3833,16.9333,61.88,27,33,1.48,AO,1665438989
348,hasaki,35.7333,140.8333,74.21,61,99,25.46,JP,1665438911
349,lompoc,34.6391,-120.4579,81.01,79,100,8.05,US,1665438990
350,garden city,42.3256,-83.331,70.05,48,40,10.36,US,1665438777
351,cabo san lucas,22.8909,-109.9124,94.6,58,0,7.96,MX,1665438532
352,nhulunbuy,-12.2333,136.7667,79.41,89,66,5.75,AU,1665438990
353,san jose,37.3394,-121.895,89.91,48,20,6.91,US,1665438710
354,caldas novas,-17.7417,-48.625,76.37,48,85,5.64,BR,1665438991
355,novopskov,49.5464,39.0899,51.08,92,100,4.07,UA,1665438991
356,ambon,-3.6954,128.1814,75.34,100,20,6.91,ID,1665438992
357,zlitan,32.4674,14.5687,77.16,62,100,10.16,LY,1665438992
358,najran,17.4924,44.1277,74.05,29,0,0.92,SA,1665438746
359,hokitika,-42.7167,170.9667,53.24,81,95,2.08,NZ,1665438993
360,lazurne,46.084,32.5295,54.48,63,2,11.25,UA,1665438993
361,hereford,52.0568,-2.7148,49.01,86,68,3.15,GB,1665438993
362,kidal,18.4411,1.4078,86.85,15,9,12.19,ML,1665438994
363,tera,14.0078,0.7531,92.79,27,23,7.16,NE,1665438995
364,bucerias,20.75,-105.3333,90.99,61,8,4.52,MX,1665438751
365,broome,42.2506,-75.833,57.09,71,69,4.18,US,1665438995
366,svetlaya,46.5389,138.3297,49.87,83,11,12.06,RU,1665438995
367,portree,57.4129,-6.1942,48.52,89,72,11.05,GB,1665438996
368,kedrovyy,56.1667,91.8167,41.41,83,100,12.39,RU,1665438996
369,nanakuli,21.3906,-158.1547,87.03,63,21,3.53,US,1665438996
370,bartow,27.8964,-81.8431,87.67,64,93,8.23,US,1665438997
371,qasigiannguit,68.8193,-51.1922,25.88,83,100,6.98,GL,1665438998
372,kuusamo,65.9667,29.1833,46.44,93,100,4.61,FI,1665438998
373,mecca,21.4267,39.8261,83.32,52,0,1.72,SA,1665438700
374,basoko,1.2391,23.616,71.26,95,100,2.98,CD,1665438998
375,umm lajj,25.0213,37.2685,82.45,58,0,10.27,SA,1665438999
376,vanimo,-2.6741,141.3028,78.49,89,99,5.79,PG,1665438999
377,ballina,-28.8667,153.5667,60.01,99,92,14.32,AU,1665438999
378,urumqi,43.801,87.6005,47.35,57,0,4.47,CN,1665439000
379,raubling,47.7905,12.1109,57.61,93,77,4.16,DE,1665439000
380,pundaguitan,6.3711,126.1689,82.35,77,99,10.36,PH,1665439000
381,tawang,27.5833,91.8667,51.42,95,99,1.36,IN,1665439001
382,ruzhyn,49.7228,29.2046,42.1,80,2,4.63,UA,1665439001
383,arlit,18.7369,7.3853,87.08,15,0,11.18,NE,1665439002
384,krasnorechenskiy,44.6265,135.3532,41.77,95,96,6.2,RU,1665439003
385,inuvik,68.3499,-133.7218,31.21,89,100,14.97,CA,1665439003
386,bondo,3.8146,23.6866,68.99,99,100,2.48,CD,1665439003
387,carutapera,-1.195,-46.02,79.34,79,37,9.13,BR,1665439004
388,marzuq,14.4,46.4667,71.65,54,13,2.98,YE,1665438994
389,varhaug,58.6147,5.6457,49.89,69,78,23.2,NO,1665439004
390,saiha,22.4833,92.9667,67.33,99,94,2.33,IN,1665439005
391,sundsvall,62.3913,17.3063,49.96,83,100,9.22,SE,1665439005
392,cedar city,37.6775,-113.0619,72.57,17,0,5.48,US,1665438759
393,saint-augustin,51.226,-58.6502,42.1,51,98,11.32,CA,1665439006
394,leamington,42.0549,-82.6062,63.91,72,11,5.99,CA,1665439006
395,provideniya,64.3833,-173.3,32.36,69,20,7.0,RU,1665439007
396,novovarshavka,54.1721,74.6946,44.58,77,63,11.9,RU,1665439007
397,khandbari,27.3747,87.2039,67.39,91,98,1.95,NP,1665439008
398,dyatkovo,53.5978,34.3382,39.06,88,0,6.55,RU,1665439008
399,galle,6.0367,80.217,77.49,86,96,6.33,LK,1665439008
400,kieta,-6.2167,155.6333,83.57,66,15,2.84,PG,1665439009
401,havoysund,70.9963,24.6622,44.83,80,100,13.96,NO,1665439009
402,tabou,4.423,-7.3528,77.0,89,78,6.38,CI,1665439010
403,margate,51.3813,1.3862,54.7,68,5,3.0,GB,1665438884
404,statesboro,32.4488,-81.7832,82.2,47,0,0.0,US,1665438883
405,mamallapuram,12.6264,80.1722,82.45,83,82,11.72,IN,1665439010
406,kamiiso,41.8167,140.65,61.18,82,75,12.66,JP,1665439011
407,abha,18.2164,42.5053,61.05,23,0,0.0,SA,1665438872
408,si bun ruang,16.9667,102.2833,67.91,88,98,0.49,TH,1665439011
409,baghdad,33.3406,44.4009,71.51,40,0,8.05,IQ,1665439007
410,riyadh,24.6877,46.7219,78.94,14,3,5.91,SA,1665438779
411,fare,-16.7,-151.0167,77.65,75,7,16.24,PF,1665439012
412,tilichiki,60.4667,166.1,35.08,64,98,8.32,RU,1665439012
413,pitanga,-24.7572,-51.7614,62.94,99,100,5.21,BR,1665439012
414,vila velha,-20.3297,-40.2925,78.75,83,100,11.5,BR,1665438881
415,marang,5.2056,103.2059,81.97,84,86,3.29,MY,1665439013
416,voh,-20.9667,164.7,80.11,60,95,6.91,NC,1665439014
417,longyearbyen,78.2186,15.6401,33.64,75,40,12.66,SJ,1665438831
418,la tuque,47.4334,-72.7824,44.85,53,76,3.44,CA,1665438966
419,insar,53.8653,44.3738,49.12,87,100,9.55,RU,1665439014
420,mangrol,21.1167,70.1167,81.36,80,79,5.7,IN,1665439015
421,san calixto,8.4021,-73.2074,65.12,87,86,3.47,CO,1665439015
422,sembakung,3.8167,117.25,73.0,100,100,1.72,ID,1665439015
423,biak,-0.9131,122.8766,75.92,83,100,2.24,ID,1665438752
424,noumea,-22.2763,166.4572,80.01,99,100,11.83,NC,1665439016
425,armidale,-30.5167,151.65,50.67,79,100,9.48,AU,1665439016
426,armeria,18.9333,-103.9667,90.3,49,29,5.3,MX,1665439017
427,prokopyevsk,53.9059,86.719,40.77,86,96,12.55,RU,1665439017
428,koumac,-20.5667,164.2833,79.52,61,99,4.21,NC,1665439017
429,padang,-0.9492,100.3543,76.86,81,100,2.26,ID,1665439018
430,oranjemund,-28.55,16.4333,60.4,85,91,6.04,NA,1665439018
431,praia,14.9215,-23.5087,79.34,73,20,16.11,CV,1665439018
432,cifuentes,22.645,-80.0461,82.26,74,67,11.12,CU,1665439019
433,nuuk,64.1835,-51.7216,36.88,74,100,8.99,GL,1665439019
434,vardo,70.3705,31.1107,42.78,81,20,9.22,NO,1665438762
435,pemalang,-6.9,109.3667,77.36,85,100,4.85,ID,1665439020
436,beyneu,45.3167,55.2,59.79,40,100,13.62,KZ,1665439020
437,ponta delgada,37.7333,-25.6667,74.5,88,75,5.75,PT,1665439020
438,verkhovazhye,60.7472,42.0465,40.37,92,51,7.31,RU,1665439021
439,kismayo,-0.3582,42.5454,76.73,82,17,15.77,SO,1665438949
440,tvoroyri,61.5556,-6.8111,45.3,62,100,18.95,FO,1665439021
441,kampene,-3.6,26.6667,66.33,98,100,3.11,CD,1665439022
442,asau,46.4333,26.4,36.52,70,58,2.53,RO,1665439022
443,ambilobe,-13.2,49.05,66.09,79,0,4.32,MG,1665438749
444,daru,-9.0763,143.2092,80.51,85,100,9.66,PG,1665439022
445,lorengau,-2.0226,147.2712,82.47,63,70,7.29,PG,1665439023
446,bafoulabe,13.8065,-10.8321,75.87,83,23,11.16,ML,1665439023
447,gat,31.61,34.7642,72.28,65,0,4.03,IL,1665439024
448,manaus,-3.1019,-60.025,81.1,83,75,11.5,BR,1665439024
449,onda,39.9667,-0.25,63.9,94,100,1.99,ES,1665439025
450,buraydah,26.326,43.975,75.65,13,0,7.07,SA,1665439025
451,tralee,52.2704,-9.7026,46.58,85,62,4.07,IE,1665439025
452,valladolid,41.5833,-4.6667,61.29,82,100,1.36,ES,1665439026
453,zabol,32.25,67.25,51.69,12,0,7.02,AF,1665439026
454,saint-marc,19.1082,-72.6938,83.97,69,41,7.4,HT,1665439027
455,khani,41.9563,42.9566,51.37,98,100,3.94,GE,1665439027
456,risor,58.7206,9.2342,49.35,68,0,17.76,NO,1665439028
457,labytnangi,66.6572,66.4183,39.96,87,100,15.9,RU,1665439028
458,tuskegee,32.424,-85.6916,79.09,25,0,1.99,US,1665439029
459,caravelas,-17.7125,-39.2481,75.33,82,44,7.92,BR,1665438750
460,hovd,48.0056,91.6419,37.11,54,77,3.27,MN,1665439029
461,kaa-khem,51.6833,94.7333,34.92,83,40,2.48,RU,1665439030
462,ialibu,-6.2821,143.9935,55.53,96,100,2.13,PG,1665439030
463,north augusta,33.5018,-81.9651,77.14,62,20,10.36,US,1665438543
464,wembley,-31.9333,115.8,46.06,94,0,4.61,AU,1665439030
465,peterhead,57.5058,-1.7981,46.8,75,29,17.58,GB,1665439031
466,baijiantan,45.6333,85.1833,51.08,41,11,17.78,CN,1665439031
467,zhezkazgan,47.8043,67.7144,45.16,50,7,7.63,KZ,1665439032
468,pangai,-19.8,-174.35,78.91,69,75,9.22,TO,1665439032
469,abong mbang,3.9833,13.1833,64.6,98,89,0.72,CM,1665439033
470,tammisaari,59.9736,23.4339,50.9,88,12,17.65,FI,1665439033
471,waddan,29.1614,16.139,73.98,33,5,8.43,LY,1665439033
472,blackwater,-23.5833,148.8833,66.9,78,88,12.17,AU,1665439034
473,bako,5.7833,36.5667,62.51,85,51,4.47,ET,1665439034
474,komsomolskiy,40.4272,71.7189,50.72,53,0,4.61,UZ,1665439035
475,ushtobe,45.2514,77.9838,40.53,64,0,9.86,KZ,1665439035
476,poya,-21.35,165.15,77.45,65,91,6.87,NC,1665439036
477,sinnamary,5.3833,-52.95,79.68,88,25,10.16,GF,1665439036
478,tucuman,-26.8241,-65.2226,73.4,18,0,5.75,AR,1665439036
479,san quintin,30.4833,-115.95,71.73,74,11,12.1,MX,1665439025
480,arman,59.7,150.1667,26.1,77,52,5.77,RU,1665439037
481,charters towers,-20.1,146.2667,72.79,72,72,12.55,AU,1665439037
482,kuantan,3.8077,103.326,77.11,94,20,0.0,MY,1665439038
483,solwezi,-12.1688,26.3894,63.93,34,50,2.93,ZM,1665439038
484,gillette,44.2911,-105.5022,75.81,19,3,10.0,US,1665439038
485,prince rupert,54.3161,-130.3201,53.69,71,40,13.8,CA,1665438974
486,goderich,43.7501,-81.7165,53.92,58,35,5.75,CA,1665439039
487,taltal,-25.4,-70.4833,60.84,65,22,6.69,CL,1665439039
488,cordele,31.9635,-83.7824,80.58,32,0,8.05,US,1665439040
489,necochea,-38.5473,-58.7368,55.58,54,21,20.54,AR,1665439040
490,saint anthony,45.0205,-93.218,72.66,35,0,10.36,US,1665439040
491,rapid valley,44.0625,-103.1463,77.41,23,3,10.0,US,1665439041
492,akkermanovka,51.2467,58.2391,38.98,41,92,3.33,RU,1665439041
493,komsomolets,53.7453,62.0708,46.69,68,64,6.51,KZ,1665439041
494,port shepstone,-30.7414,30.455,69.8,90,83,19.64,ZA,1665439042
495,gigmoto,13.7796,124.39,80.65,85,100,7.67,PH,1665439042
496,bhowali,29.3833,79.5167,51.8,92,1,3.69,IN,1665439043
497,isabela,6.7085,121.9711,77.05,85,63,5.99,PH,1665439043
498,verkhovyna,48.1557,24.7911,42.4,61,32,5.21,UA,1665439043
499,atar,20.5169,-13.0499,93.56,22,60,4.92,MR,1665439044
500,severomuysk,56.1481,113.4267,22.08,82,100,0.98,RU,1665439044
501,norrtalje,59.758,18.705,54.01,80,75,13.51,SE,1665439044
502,vila franca do campo,37.7167,-25.4333,74.19,91,30,4.29,PT,1665438831
503,khandyga,62.6667,135.6,27.91,97,100,5.95,RU,1665439045
504,mayor pablo lagerenza,-19.9309,-60.7718,65.32,46,54,3.62,PY,1665439045
505,yuryuzan,54.8633,58.4219,44.94,76,100,4.16,RU,1665439046
506,shahrud,36.4182,54.9763,60.8,23,0,2.26,IR,1665439046
507,tiznit,29.5833,-9.5,64.31,75,4,3.11,MA,1665438853
508,shirvan,39.9509,48.8994,66.43,71,9,4.85,AZ,1665439046
509,chone,-0.6833,-80.1,79.7,64,97,11.07,EC,1665438940
510,anaconda,46.1285,-112.9423,67.28,21,4,14.58,US,1665439048
511,chipinge,-20.1883,32.6236,60.58,73,0,5.01,ZW,1665439048
512,touros,-5.1989,-35.4608,78.06,79,7,16.64,BR,1665438782
513,bairiki,1.3292,172.9752,86.0,20,40,10.36,KI,1665439048
514,laredo,27.5064,-99.5075,88.09,40,100,8.05,US,1665438846
515,capinopolis,-18.6819,-49.5697,72.48,79,90,7.31,BR,1665439049
516,shimoda,34.6667,138.95,65.1,57,100,22.15,JP,1665439049
517,karasburg,-28.0167,18.75,73.44,24,100,7.83,NA,1665439049
518,newport,51.5877,-2.9984,51.46,79,54,5.37,GB,1665439050
519,kodinsk,58.6881,99.1844,41.45,93,98,7.72,RU,1665439050
520,sambava,-14.2667,50.1667,68.95,86,41,10.4,MG,1665439050
521,kurmanayevka,52.5093,52.0675,52.52,53,100,8.48,RU,1665439051
522,tocache,-8.1842,-76.5125,85.39,55,51,0.87,PE,1665439051
523,osmaniye,37.0742,36.2478,67.57,53,0,3.6,TR,1665439052
524,buala,-8.145,159.5921,83.97,62,9,3.53,SB,1665439052
525,luangwa,-15.6167,30.4167,76.42,36,0,3.56,ZM,1665439052
526,mercedes,-34.6515,-59.4307,64.85,22,99,13.87,AR,1665439053
527,rawatbhata,24.9333,75.5833,75.76,70,21,4.47,IN,1665439053
528,mae sot,16.7167,98.5667,75.42,96,98,2.51,TH,1665439053
529,jibuti,11.5,42.5,77.2,72,34,10.78,DJ,1665438979
530,san vicente,-26.6167,-54.1333,56.25,100,100,0.27,AR,1665439054
531,khakhea,-24.6895,23.494,73.47,15,20,13.51,BW,1665439054
532,ulladulla,-35.35,150.4667,56.66,67,54,2.24,AU,1665439055
533,bulgan,48.8125,103.5347,35.58,61,100,2.01,MN,1665439055
534,yulara,-25.2406,130.9889,70.07,25,80,4.21,AU,1665438994
535,zemio,5.0314,25.1361,68.86,96,100,3.6,CF,1665439056
536,lisakovsk,52.5369,62.4936,47.1,58,57,7.78,KZ,1665439056
537,port hardy,50.6996,-127.4199,57.38,67,75,11.5,CA,1665439057
538,kurchum,48.5722,83.6542,39.85,81,1,7.45,KZ,1665439057
539,paamiut,61.994,-49.6678,36.5,96,100,15.93,GL,1665439058
540,macapa,0.0389,-51.0664,87.78,66,40,12.66,BR,1665439058
541,egvekinot,66.3167,-179.1667,15.76,66,42,5.77,RU,1665439058
542,mount vernon,40.9126,-73.8371,68.63,45,60,5.99,US,1665439059
543,palmer,42.1584,-72.3287,60.66,73,92,3.89,US,1665439060
544,muli,2.9167,73.5667,81.39,79,68,20.22,MV,1665439060
545,dasoguz,41.8363,59.9666,53.55,35,0,9.22,TM,1665439061
546,marawi,7.9986,124.2928,69.22,96,100,2.82,PH,1665439061
547,lincolnia,40.8,-96.667,80.51,25,0,10.36,US,1665438798
548,alexandria,31.2156,29.9553,73.26,68,0,7.4,EG,1665439021
549,verkhnetulomskiy,68.6073,31.7962,41.13,86,93,6.51,RU,1665439061
550,luang prabang,19.8856,102.1347,65.34,97,82,1.52,LA,1665439062
551,pangnirtung,66.1451,-65.7125,28.4,64,75,3.44,CA,1665439062
552,san policarpo,12.1791,125.5072,77.99,88,68,4.07,PH,1665439062
553,vao,-22.6667,167.4833,72.43,67,100,19.66,NC,1665439063
554,tromso,69.6496,18.957,46.38,87,75,1.14,NO,1665439063
555,napasar,27.9667,73.55,75.52,77,0,2.28,IN,1665439063
556,souillac,-20.5167,57.5167,70.18,83,40,8.05,MU,1665439064
557,burntwood,52.6808,-1.9276,46.31,84,41,1.99,GB,1665439064
558,ust-shonosha,61.1531,41.343,41.18,91,52,7.78,RU,1665439065
559,teya,60.3778,92.6267,40.69,91,100,10.36,RU,1665439065
560,hun,29.1268,15.9477,74.46,30,6,8.57,LY,1665439065
561,kagoro,9.6,8.3833,68.45,87,31,0.83,NG,1665439065
562,carbunesti,45.2333,26.2,52.03,64,99,4.03,RO,1665439066
563,griffith,41.5284,-87.4237,77.49,37,0,9.22,US,1665438857
564,guarapari,-20.6667,-40.4975,74.17,87,35,10.56,BR,1665439066
565,berezovyy,51.6667,135.7,33.89,68,100,4.09,RU,1665439067
566,chauk,20.8833,94.8167,77.58,87,94,5.41,MM,1665439067
567,senanga,-16.1167,23.2667,66.45,24,0,6.69,ZM,1665439068
568,kulhudhuffushi,6.6221,73.07,80.76,81,90,20.36,MV,1665439068
569,luau,-10.7073,22.2247,72.54,23,91,2.48,AO,1665439068
